{
  "8f670f00-f969-4fb2-bb00-198e30e490ec": {
    "polygon": [
      {
        "x": 872.1795515309207,
        "y": 449.79840104897016
      },
      {
        "x": 865.4662418946743,
        "y": 1164.7764564477063
      },
      {
        "x": 1140.7119369807726,
        "y": 1292.3312268944292
      },
      {
        "x": 1145.7469192079573,
        "y": 421.2664129227295
      }
    ],
    "name": null,
    "created_at": "2026-03-18T19:02:50.862088+00:00"
  }
}