{
  "83010617-b3ab-446b-ada2-6b72ac7988e7": {
    "polygon": [
      {
        "x": 865.6484096850901,
        "y": 449.8707243871963
      },
      {
        "x": 861.3434580974027,
        "y": 1162.3454122922774
      },
      {
        "x": 1166.9950208232065,
        "y": 1300.1048685639548
      },
      {
        "x": 1166.9950208232065,
        "y": 398.21092828531727
      }
    ],
    "name": null,
    "created_at": "2026-02-17T22:27:20.320041+00:00"
  }
}