{
  "398c65aa-1b2a-4915-8f4e-67b905fb32b5": {
    "polygon": [
      {
        "x": 2291.095470301392,
        "y": 909.6446700507614
      },
      {
        "x": 2296.870924152517,
        "y": 1542.0642978003384
      },
      {
        "x": 2490.3486281652076,
        "y": 1510.2989283699942
      },
      {
        "x": 2507.6749897185828,
        "y": 955.8488437676255
      }
    ],
    "name": null,
    "created_at": "2026-02-06T21:06:50.124265+00:00"
  }
}